{"vectors": [{"__ndarray__": [0, 1, 4, 9, 16, 25], "dtype": "int64", "shape": [6]}, {"__ndarray__": [[0, 1, 4], [9, 16, 25]], "dtype": "int64", "shape": [2, 3], "Corder": true}], "lovely": ["array[6] i64 x\u2208[0, 25] \u03bc=9.167 \u03c3=8.896 [0, 1, 4, 9, 16, 25]", "array[2, 3] i64 n=6 x\u2208[0, 25] \u03bc=9.167 \u03c3=8.896 [[0, 1, 4], [9, 16, 25]]"], "expression": [{"__ndarray__": [1.0, 1.0, 1.0, 0.9999999999999999, 1.0, 1.0], "dtype": "float64", "shape": [6]}, {"__ndarray__": [[1.0, 1.0, 1.0], [0.9999999999999999, 1.0, 1.0]], "dtype": "float64", "shape": [2, 3], "Corder": true}]}